movie_title;critique_attributes;softmax_alpha;accuracy;diversity;serendipity;n_results
Interstellar (2014);[];0.5;0.44342384521798;0.5906651778385237;0.6;5
Interstellar (2014);['genre'];0.5;0.506700820813425;0.6407579649033399;0.4;5
Interstellar (2014);['tag'];0.5;0.4635834364819914;0.6923332593705933;0.4;5
Interstellar (2014);['starring'];0.5;0.5001437737452258;0.454932556197591;0.2;5
Interstellar (2014);['director'];0.5;0.5256704431202983;0.4558320836441042;0.2;5
Interstellar (2014);['genre', 'tag'];0.5;0.4990118885636896;0.6931476737240068;0.6;5
Interstellar (2014);['starring', 'director'];0.5;0.504806855879455;0.45617535109607965;0.0;5
Interstellar (2014);['genre', 'tag', 'starring', 'director'];0.5;0.8031158500460579;0.0;0.0;1
Interstellar (2014);[];1.0;0.5172815217237817;0.49024008420072096;0.2;5
Interstellar (2014);['genre'];1.0;0.5986299054364361;0.5530112935599412;0.0;5
Interstellar (2014);['tag'];1.0;0.5099906337978265;0.6485370334618812;0.0;5
Interstellar (2014);['starring'];1.0;0.49382661684759965;0.5121158991614839;0.2;5
Interstellar (2014);['director'];1.0;0.5292082456242719;0.43363951217285573;0.0;5
Interstellar (2014);['genre', 'tag'];1.0;0.5280333759120015;0.5544050735251624;0.2;5
Interstellar (2014);['starring', 'director'];1.0;0.504806855879455;0.45617535109607965;0.0;5
Interstellar (2014);['genre', 'tag', 'starring', 'director'];1.0;0.8031158500460579;0.0;0.0;1
Interstellar (2014);[];1.5;0.525559900885964;0.5562132224468646;0.0;5
Interstellar (2014);['genre'];1.5;0.5986299054364361;0.5530112935599412;0.0;5
Interstellar (2014);['tag'];1.5;0.5099906337978265;0.6485370334618812;0.0;5
Interstellar (2014);['starring'];1.5;0.5106700635572252;0.5128398035449652;0.0;5
Interstellar (2014);['director'];1.5;0.5256704431202983;0.4558320836441042;0.2;5
Interstellar (2014);['genre', 'tag'];1.5;0.5280333759120015;0.5544050735251624;0.2;5
Interstellar (2014);['starring', 'director'];1.5;0.504806855879455;0.45617535109607965;0.0;5
Interstellar (2014);['genre', 'tag', 'starring', 'director'];1.5;0.8031158500460579;0.0;0.0;1
Toy Story 2 (1999);[];0.5;0.47551913154032655;0.7082133346085695;0.4;5
Toy Story 2 (1999);['genre'];0.5;0.44402410018627797;0.7419558570972861;0.6;5
Toy Story 2 (1999);['tag'];0.5;0.49401294277488167;0.6646126598540214;0.4;5
Toy Story 2 (1999);['starring'];0.5;0.4935240943765834;0.6312409603260262;0.4;5
Toy Story 2 (1999);['director'];0.5;0.5568816035040622;0.5214665357674142;0.0;5
Toy Story 2 (1999);['genre', 'tag'];0.5;0.5063733566214178;0.636067013394724;0.6;5
Toy Story 2 (1999);['starring', 'director'];0.5;0.6929573525977027;0.0;0.0;1
Toy Story 2 (1999);['genre', 'tag', 'starring', 'director'];0.5;0.0;0.0;0.0;0
Toy Story 2 (1999);[];1.0;0.5291511796930048;0.6853829510659918;0.0;5
Toy Story 2 (1999);['genre'];1.0;0.5307261697273199;0.670346263536014;0.2;5
Toy Story 2 (1999);['tag'];1.0;0.5113319980473474;0.5994688194280684;0.0;5
Toy Story 2 (1999);['starring'];1.0;0.49043281170142217;0.6768126169782815;0.2;5
Toy Story 2 (1999);['director'];1.0;0.5568816035040622;0.5214665357674142;0.0;5
Toy Story 2 (1999);['genre', 'tag'];1.0;0.5206133194329714;0.6964301890505641;0.2;5
Toy Story 2 (1999);['starring', 'director'];1.0;0.6929573525977027;0.0;0.0;1
Toy Story 2 (1999);['genre', 'tag', 'starring', 'director'];1.0;0.0;0.0;0.0;0
Toy Story 2 (1999);[];1.5;0.5291511796930048;0.6853829510659918;0.0;5
Toy Story 2 (1999);['genre'];1.5;0.5275015446307726;0.6930478082772545;0.2;5
Toy Story 2 (1999);['tag'];1.5;0.5045389380797048;0.7236960833987756;0.2;5
Toy Story 2 (1999);['starring'];1.5;0.49043281170142217;0.6768126169782815;0.2;5
Toy Story 2 (1999);['director'];1.5;0.5568816035040622;0.5214665357674142;0.0;5
Toy Story 2 (1999);['genre', 'tag'];1.5;0.5128819276193464;0.7178554715489011;0.2;5
Toy Story 2 (1999);['starring', 'director'];1.5;0.6929573525977027;0.0;0.0;1
Toy Story 2 (1999);['genre', 'tag', 'starring', 'director'];1.5;0.0;0.0;0.0;0
Mean Girls (2004);[];0.5;0.2855576352114565;0.7341271383248025;1.0;5
Mean Girls (2004);['genre'];0.5;0.35520488957402147;0.7084514614091151;1.0;5
Mean Girls (2004);['tag'];0.5;0.3678742554024538;0.7206089022148936;0.4;5
Mean Girls (2004);['starring'];0.5;0.4518601466733658;0.6892371534324415;0.2;5
Mean Girls (2004);['director'];0.5;0.4917343589515683;0.5314200387085543;0.0;5
Mean Girls (2004);['genre', 'tag'];0.5;0.4794060548839781;0.6187754661168249;0.0;3
Mean Girls (2004);['starring', 'director'];0.5;0.5902544361346781;0.0;0.0;1
Mean Girls (2004);['genre', 'tag', 'starring', 'director'];0.5;0.0;0.0;0.0;0
Mean Girls (2004);[];1.0;0.3838733347471906;0.6801390675840079;0.4;5
Mean Girls (2004);['genre'];1.0;0.4690968341312847;0.6696605759966031;0.4;5
Mean Girls (2004);['tag'];1.0;0.3734752007230868;0.7066371470728926;0.2;5
Mean Girls (2004);['starring'];1.0;0.44182974515930934;0.688244662191656;0.2;5
Mean Girls (2004);['director'];1.0;0.486179789467233;0.5305740042074629;0.2;5
Mean Girls (2004);['genre', 'tag'];1.0;0.4794060548839781;0.6187754661168249;0.0;3
Mean Girls (2004);['starring', 'director'];1.0;0.5902544361346781;0.0;0.0;1
Mean Girls (2004);['genre', 'tag', 'starring', 'director'];1.0;0.0;0.0;0.0;0
Mean Girls (2004);[];1.5;0.4139151066775;0.7034496564909204;0.4;5
Mean Girls (2004);['genre'];1.5;0.4577165963516962;0.6599818772742854;0.2;5
Mean Girls (2004);['tag'];1.5;0.37376701057482714;0.6507840134875791;0.0;5
Mean Girls (2004);['starring'];1.5;0.4274255834293178;0.6894618249900502;0.2;5
Mean Girls (2004);['director'];1.5;0.486179789467233;0.5305740042074629;0.2;5
Mean Girls (2004);['genre', 'tag'];1.5;0.4794060548839781;0.6187754661168249;0.0;3
Mean Girls (2004);['starring', 'director'];1.5;0.5902544361346781;0.0;0.0;1
Mean Girls (2004);['genre', 'tag', 'starring', 'director'];1.5;0.0;0.0;0.0;0
The Usual Suspects (1995);[];0.5;0.24055533794872494;0.7995188388745225;1.0;5
The Usual Suspects (1995);['genre'];0.5;0.40240006245312293;0.664373798309578;0.6;5
The Usual Suspects (1995);['tag'];0.5;0.40199971571656334;0.6411328304161872;0.6;5
The Usual Suspects (1995);['starring'];0.5;0.24055533794872494;0.7995188388745225;1.0;5
The Usual Suspects (1995);['director'];0.5;0.24055533794872494;0.7995188388745225;1.0;5
The Usual Suspects (1995);['genre', 'tag'];0.5;0.4829995428235045;0.6196397914186227;0.4;5
The Usual Suspects (1995);['starring', 'director'];0.5;0.24055533794872494;0.7995188388745225;1.0;5
The Usual Suspects (1995);['genre', 'tag', 'starring', 'director'];0.5;0.45845985915678894;0.6421873715491966;0.6;5
The Usual Suspects (1995);[];1.0;0.44519642999097125;0.6519304850501971;0.2;5
The Usual Suspects (1995);['genre'];1.0;0.4550030601395217;0.6312087144134209;0.4;5
The Usual Suspects (1995);['tag'];1.0;0.4618975461730816;0.6151037911655182;0.2;5
The Usual Suspects (1995);['starring'];1.0;0.44519642999097125;0.6519304850501971;0.2;5
The Usual Suspects (1995);['director'];1.0;0.44519642999097125;0.6519304850501971;0.2;5
The Usual Suspects (1995);['genre', 'tag'];1.0;0.48351743016043097;0.5173902053801703;0.4;5
The Usual Suspects (1995);['starring', 'director'];1.0;0.44519642999097125;0.6519304850501971;0.2;5
The Usual Suspects (1995);['genre', 'tag', 'starring', 'director'];1.0;0.479952462735681;0.5756472210579867;0.0;5
The Usual Suspects (1995);[];1.5;0.44519642999097125;0.6519304850501971;0.2;5
The Usual Suspects (1995);['genre'];1.5;0.430577462735681;0.6721374258573222;0.4;5
The Usual Suspects (1995);['tag'];1.5;0.45198768848349963;0.5973327902374022;0.2;5
The Usual Suspects (1995);['starring'];1.5;0.44519642999097125;0.6519304850501971;0.2;5
The Usual Suspects (1995);['director'];1.5;0.44519642999097125;0.6519304850501971;0.2;5
The Usual Suspects (1995);['genre', 'tag'];1.5;0.479952462735681;0.5756472210579867;0.0;5
The Usual Suspects (1995);['starring', 'director'];1.5;0.44519642999097125;0.6519304850501971;0.2;5
The Usual Suspects (1995);['genre', 'tag', 'starring', 'director'];1.5;0.4816722972200134;0.4896543599662665;0.2;5
The Shape of Water (2017);[];0.5;0.3702827783186803;0.7138279253394983;0.8;5
The Shape of Water (2017);['genre'];0.5;0.43589988845509986;0.6756788085186576;0.8;5
The Shape of Water (2017);['tag'];0.5;0.4709929548511417;0.6059148512624277;0.6;5
The Shape of Water (2017);['starring'];0.5;0.5011699337195598;0.6914995439204225;0.4;5
The Shape of Water (2017);['director'];0.5;0.5178477800313952;0.49979124089780463;0.0;5
The Shape of Water (2017);['genre', 'tag'];0.5;0.5425986302982743;0.4807595221282844;0.4;5
The Shape of Water (2017);['starring', 'director'];0.5;0.6501772457375226;0.340525758547385;0.0;2
The Shape of Water (2017);['genre', 'tag', 'starring', 'director'];0.5;0.7941622330079839;0.0;0.0;1
The Shape of Water (2017);[];1.0;0.47300431125998355;0.7325576018047085;0.4;5
The Shape of Water (2017);['genre'];1.0;0.4628869409130759;0.7374875170485012;0.4;5
The Shape of Water (2017);['tag'];1.0;0.5204616283042982;0.5715590820424625;0.2;5
The Shape of Water (2017);['starring'];1.0;0.5286346201141804;0.6932951522852082;0.0;5
The Shape of Water (2017);['director'];1.0;0.5178477800313952;0.49979124089780463;0.0;5
The Shape of Water (2017);['genre', 'tag'];1.0;0.5421087282785028;0.5138697577326674;0.2;5
The Shape of Water (2017);['starring', 'director'];1.0;0.6501772457375226;0.340525758547385;0.0;2
The Shape of Water (2017);['genre', 'tag', 'starring', 'director'];1.0;0.7941622330079839;0.0;0.0;1
The Shape of Water (2017);[];1.5;0.5074059860887715;0.7329014958068678;0.0;5
The Shape of Water (2017);['genre'];1.5;0.5344240449435878;0.7252632944044224;0.2;5
The Shape of Water (2017);['tag'];1.5;0.5012629686298657;0.5659645573465368;0.2;5
The Shape of Water (2017);['starring'];1.5;0.5177558907823311;0.7012030603989252;0.2;5
The Shape of Water (2017);['director'];1.5;0.5178669211331661;0.4572461259533885;0.2;5
The Shape of Water (2017);['genre', 'tag'];1.5;0.5456047715728521;0.5070137361149594;0.2;5
The Shape of Water (2017);['starring', 'director'];1.5;0.6501772457375226;0.340525758547385;0.0;2
The Shape of Water (2017);['genre', 'tag', 'starring', 'director'];1.5;0.7941622330079839;0.0;0.0;1
Fantasia (1940);[];0.5;0.671433865404559;0.31992398357057816;0.0;5
Fantasia (1940);['genre'];0.5;0.691903695488051;0.30545729292238066;0.2;5
Fantasia (1940);['tag'];0.5;0.5991843351121796;0.4533792732080427;0.4;5
Fantasia (1940);['starring'];0.5;0.0;0.0;0.0;0
Fantasia (1940);['director'];0.5;0.676757939478633;0.3091683618774564;0.0;5
Fantasia (1940);['genre', 'tag'];0.5;0.663455599759506;0.39443368564889164;0.0;5
Fantasia (1940);['starring', 'director'];0.5;0.0;0.0;0.0;0
Fantasia (1940);['genre', 'tag', 'starring', 'director'];0.5;0.0;0.0;0.0;0
Fantasia (1940);[];1.0;0.671433865404559;0.31992398357057816;0.0;5
Fantasia (1940);['genre'];1.0;0.691903695488051;0.30545729292238066;0.2;5
Fantasia (1940);['tag'];1.0;0.604786978180371;0.4582631303289356;0.2;5
Fantasia (1940);['starring'];1.0;0.0;0.0;0.0;0
Fantasia (1940);['director'];1.0;0.676757939478633;0.3091683618774564;0.0;5
Fantasia (1940);['genre', 'tag'];1.0;0.663455599759506;0.39443368564889164;0.0;5
Fantasia (1940);['starring', 'director'];1.0;0.0;0.0;0.0;0
Fantasia (1940);['genre', 'tag', 'starring', 'director'];1.0;0.0;0.0;0.0;0
Fantasia (1940);[];1.5;0.671433865404559;0.31992398357057816;0.0;5
Fantasia (1940);['genre'];1.5;0.6527258282385364;0.4156307272088483;0.2;5
Fantasia (1940);['tag'];1.5;0.6404832366209281;0.40709929547780976;0.2;5
Fantasia (1940);['starring'];1.5;0.0;0.0;0.0;0
Fantasia (1940);['director'];1.5;0.676757939478633;0.3091683618774564;0.0;5
Fantasia (1940);['genre', 'tag'];1.5;0.6652258282385365;0.39063072720884834;0.2;5
Fantasia (1940);['starring', 'director'];1.5;0.0;0.0;0.0;0
Fantasia (1940);['genre', 'tag', 'starring', 'director'];1.5;0.0;0.0;0.0;0
Shakespeare in Love (1998);[];0.5;0.4141719408214235;0.7363842742544218;0.8;5
Shakespeare in Love (1998);['genre'];0.5;0.44919855551371735;0.7416946550760025;0.8;5
Shakespeare in Love (1998);['tag'];0.5;0.5493410221894253;0.4929029678883789;0.0;5
Shakespeare in Love (1998);['starring'];0.5;0.4476524903710824;0.7192842083045432;0.6;5
Shakespeare in Love (1998);['director'];0.5;0.5174208400385876;0.5526953890101949;0.0;5
Shakespeare in Love (1998);['genre', 'tag'];0.5;0.5604846943179976;0.47736294200647045;0.0;5
Shakespeare in Love (1998);['starring', 'director'];0.5;0.5712422716906703;0.5328625813833516;0.0;3
Shakespeare in Love (1998);['genre', 'tag', 'starring', 'director'];0.5;0.0;0.0;0.0;0
Shakespeare in Love (1998);[];1.0;0.4983313818740669;0.6756412757470855;0.4;5
Shakespeare in Love (1998);['genre'];1.0;0.5499638328988572;0.6528785790737335;0.2;5
Shakespeare in Love (1998);['tag'];1.0;0.5493410221894253;0.4929029678883789;0.0;5
Shakespeare in Love (1998);['starring'];1.0;0.4341584037184793;0.7010055979641718;0.6;5
Shakespeare in Love (1998);['director'];1.0;0.5174208400385876;0.5526953890101949;0.0;5
Shakespeare in Love (1998);['genre', 'tag'];1.0;0.5493197372498567;0.5229112065775503;0.2;5
Shakespeare in Love (1998);['starring', 'director'];1.0;0.5712422716906703;0.5328625813833516;0.0;3
Shakespeare in Love (1998);['genre', 'tag', 'starring', 'director'];1.0;0.0;0.0;0.0;0
Shakespeare in Love (1998);[];1.5;0.5212920806139992;0.6700919807248419;0.2;5
Shakespeare in Love (1998);['genre'];1.5;0.5423669999964491;0.6625186761510525;0.2;5
Shakespeare in Love (1998);['tag'];1.5;0.5493410221894253;0.4929029678883789;0.0;5
Shakespeare in Love (1998);['starring'];1.5;0.45414676826653266;0.6885406844454565;0.6;5
Shakespeare in Love (1998);['director'];1.5;0.5174208400385876;0.5526953890101949;0.0;5
Shakespeare in Love (1998);['genre', 'tag'];1.5;0.5518040676448581;0.5194781875716511;0.2;5
Shakespeare in Love (1998);['starring', 'director'];1.5;0.5712422716906703;0.5328625813833516;0.0;3
Shakespeare in Love (1998);['genre', 'tag', 'starring', 'director'];1.5;0.0;0.0;0.0;0
The Shining (1997);[];0.5;0.3951427894024489;0.7120677484144987;0.8;5
The Shining (1997);['genre'];0.5;0.42694483556632007;0.7584014601276319;0.6;5
The Shining (1997);['tag'];0.5;0.47438772827830844;0.7011572300485757;0.4;5
The Shining (1997);['starring'];0.5;0.4383610104443725;0.652250372008617;0.2;5
The Shining (1997);['director'];0.5;0.46373733634271896;0.5667359407416799;0.2;5
The Shining (1997);['genre', 'tag'];0.5;0.48433792868545184;0.7124326006719105;0.8;5
The Shining (1997);['starring', 'director'];0.5;0.0;0.0;0.0;0
The Shining (1997);['genre', 'tag', 'starring', 'director'];0.5;0.0;0.0;0.0;0
The Shining (1997);[];1.0;0.4535626222399318;0.7605113436150353;0.6;5
The Shining (1997);['genre'];1.0;0.49533462862522526;0.7378508497540218;0.4;5
The Shining (1997);['tag'];1.0;0.4887903970592748;0.67532396486442;0.2;5
The Shining (1997);['starring'];1.0;0.4410367224278261;0.63938195302329;0.2;5
The Shining (1997);['director'];1.0;0.4701441824431994;0.5745578757643071;0.0;5
The Shining (1997);['genre', 'tag'];1.0;0.49795975798049835;0.6847444705627093;0.4;5
The Shining (1997);['starring', 'director'];1.0;0.0;0.0;0.0;0
The Shining (1997);['genre', 'tag', 'starring', 'director'];1.0;0.0;0.0;0.0;0
The Shining (1997);[];1.5;0.47073116832249423;0.7037721672556894;0.2;5
The Shining (1997);['genre'];1.5;0.5015336178365968;0.6442489575247053;0.2;5
The Shining (1997);['tag'];1.5;0.4887903970592748;0.67532396486442;0.2;5
The Shining (1997);['starring'];1.5;0.4211400354827447;0.6607294448353975;0.2;5
The Shining (1997);['director'];1.5;0.45137169033223545;0.5549108596643508;0.2;5
The Shining (1997);['genre', 'tag'];1.5;0.5168005025008616;0.5548731839256116;0.2;5
The Shining (1997);['starring', 'director'];1.5;0.0;0.0;0.0;0
The Shining (1997);['genre', 'tag', 'starring', 'director'];1.5;0.0;0.0;0.0;0
The Avengers (2012);[];0.5;0.38848410262343763;0.7826280880450082;0.6;5
The Avengers (2012);['genre'];0.5;0.4514225358484117;0.7350545988571813;0.8;5
The Avengers (2012);['tag'];0.5;0.45328644417347475;0.6331584080162355;0.4;5
The Avengers (2012);['starring'];0.5;0.4772772331398805;0.6818111900435007;0.6;5
The Avengers (2012);['director'];0.5;0.5825621736428502;0.5112197522605288;0.0;2
The Avengers (2012);['genre', 'tag'];0.5;0.48249810407046356;0.5742831972086742;0.2;5
The Avengers (2012);['starring', 'director'];0.5;0.7060432142697676;0.0;0.0;1
The Avengers (2012);['genre', 'tag', 'starring', 'director'];0.5;0.0;0.0;0.0;0
The Avengers (2012);[];1.0;0.5172212086440501;0.6561618980681605;0.2;5
The Avengers (2012);['genre'];1.0;0.5367674220933086;0.6767514081780489;0.2;5
The Avengers (2012);['tag'];1.0;0.45755550186835353;0.6496294089041219;0.4;5
The Avengers (2012);['starring'];1.0;0.49449969471911415;0.6897632722835267;0.2;5
The Avengers (2012);['director'];1.0;0.5825621736428502;0.5112197522605288;0.0;2
The Avengers (2012);['genre', 'tag'];1.0;0.48780163793079845;0.6327217465268322;0.2;5
The Avengers (2012);['starring', 'director'];1.0;0.7060432142697676;0.0;0.0;1
The Avengers (2012);['genre', 'tag', 'starring', 'director'];1.0;0.0;0.0;0.0;0
The Avengers (2012);[];1.5;0.5147874811555365;0.5930357781740123;0.4;5
The Avengers (2012);['genre'];1.5;0.5264623446478652;0.6735446716136904;0.2;5
The Avengers (2012);['tag'];1.5;0.4655273086596984;0.5762846836179689;0.0;5
The Avengers (2012);['starring'];1.5;0.5092351116579306;0.6747199929959836;0.2;5
The Avengers (2012);['director'];1.5;0.5825621736428502;0.5112197522605288;0.0;2
The Avengers (2012);['genre', 'tag'];1.5;0.49411223584372366;0.6078533871428375;0.0;5
The Avengers (2012);['starring', 'director'];1.5;0.7060432142697676;0.0;0.0;1
The Avengers (2012);['genre', 'tag', 'starring', 'director'];1.5;0.0;0.0;0.0;0
Harry Potter and the Sorcerer's Stone (2001);[];0.5;0.5469881489097925;0.57240170053496;0.2;5
Harry Potter and the Sorcerer's Stone (2001);['genre'];0.5;0.5376161109622916;0.5906932209076862;0.4;5
Harry Potter and the Sorcerer's Stone (2001);['tag'];0.5;0.5706091315625129;0.5574099016204644;0.0;5
Harry Potter and the Sorcerer's Stone (2001);['starring'];0.5;0.5471894678303626;0.5482350026578466;0.2;5
Harry Potter and the Sorcerer's Stone (2001);['director'];0.5;0.4933744817787641;0.5789699001647575;0.6;5
Harry Potter and the Sorcerer's Stone (2001);['genre', 'tag'];0.5;0.5978897330334438;0.5347317208690523;0.0;5
Harry Potter and the Sorcerer's Stone (2001);['starring', 'director'];0.5;0.876401216681375;0.0;0.0;1
Harry Potter and the Sorcerer's Stone (2001);['genre', 'tag', 'starring', 'director'];0.5;0.876401216681375;0.0;0.0;1
Harry Potter and the Sorcerer's Stone (2001);[];1.0;0.5669928795394917;0.514416626470396;0.2;5
Harry Potter and the Sorcerer's Stone (2001);['genre'];1.0;0.5822765636166548;0.534694082429761;0.2;5
Harry Potter and the Sorcerer's Stone (2001);['tag'];1.0;0.5706091315625129;0.5574099016204644;0.0;5
Harry Potter and the Sorcerer's Stone (2001);['starring'];1.0;0.5518625998987549;0.5465075616957937;0.2;5
Harry Potter and the Sorcerer's Stone (2001);['director'];1.0;0.4985924798354288;0.5385759381370855;0.2;5
Harry Potter and the Sorcerer's Stone (2001);['genre', 'tag'];1.0;0.5978897330334438;0.5347317208690523;0.0;5
Harry Potter and the Sorcerer's Stone (2001);['starring', 'director'];1.0;0.876401216681375;0.0;0.0;1
Harry Potter and the Sorcerer's Stone (2001);['genre', 'tag', 'starring', 'director'];1.0;0.876401216681375;0.0;0.0;1
Harry Potter and the Sorcerer's Stone (2001);[];1.5;0.5703710403423814;0.5433761921969263;0.0;5
Harry Potter and the Sorcerer's Stone (2001);['genre'];1.5;0.6016333658596598;0.5175067320819633;0.0;5
Harry Potter and the Sorcerer's Stone (2001);['tag'];1.5;0.5706091315625129;0.5574099016204644;0.0;5
Harry Potter and the Sorcerer's Stone (2001);['starring'];1.5;0.5594033687466101;0.5400658681534629;0.0;5
Harry Potter and the Sorcerer's Stone (2001);['director'];1.5;0.493051732735086;0.5734398915805905;0.2;5
Harry Potter and the Sorcerer's Stone (2001);['genre', 'tag'];1.5;0.5978897330334438;0.5347317208690523;0.0;5
Harry Potter and the Sorcerer's Stone (2001);['starring', 'director'];1.5;0.876401216681375;0.0;0.0;1
Harry Potter and the Sorcerer's Stone (2001);['genre', 'tag', 'starring', 'director'];1.5;0.876401216681375;0.0;0.0;1
